Datetime,Run Name,Finished,Table,Platform,Model,Target,Data,Mode,Pretrained Model,Embedding Dimension,Word Dimension,Dropout,BoW Classifier,BoW LR C,CNN Output Channels,CNN Weight Decay,LSTM Layers,LSTM Hidden Dimension,LSTM Bidirectional,LSTM Wt Dropout,LSTM Embed Dropout,Max Tokens,CUDA Blocking,Epochs,Learning Rate,Patience,Class Imbalance Fix,Accuracy,Balanced Accuracy,AUC,F1,Recall,Precision,Specificity,PPV,NPV,TP,TN,FP,FN,LaTeX String,Table Extra
,CNN_20220812-1734,20220812-1814,cnn_tuning,SCAR_NLP,CNN,surv_mo_60,ppv4,rand,GoogleNews-vectors-negative300.txt,300.0,300.0,,,,250.0,0.0,,,,,,,0.0,100.0,1e-05,5.0,loss_weight,0.8284368515014648,0.8267632126808167,0.9016605019569396,0.8470305800437927,0.8394768238067627,0.8547215461730957,0.8140496015548706,0.8547215496368039,0.795557799091368,2118.0,1576.0,360.0,405.0,CNN & 0.83 & 0.83 & 0.9 & 0.85 & 0.85 & 0.84 \\,
,CNN_20220812-1814,20220812-1827,cnn_tuning,SCAR_NLP,CNN,surv_mo_60,ppv4,rand,GoogleNews-vectors-negative300.txt,300.0,300.0,,,,250.0,0.0,,,,,,,False,100.0,0.0001,5.0,loss_weight,0.836286187171936,0.8347208499908447,0.909244418144226,0.8540583848953247,0.8466112017631531,0.8616377711296082,0.8228305578231812,0.8616377571601452,0.8045454545454546,2136.0,1593.0,343.0,387.0,CNN & 0.84 & 0.83 & 0.91 & 0.85 & 0.86 & 0.85 \\,
,CNN_20220812-1828,20220812-1834,cnn_tuning,SCAR_NLP,CNN,surv_mo_60,ppv4,rand,GoogleNews-vectors-negative300.txt,300.0,300.0,,,,250.0,0.5,,,,,,,False,100.0,1e-05,5.0,loss_weight,0.5658219456672668,0.5001802444458008,0.5498483180999756,0.7224770784378052,0.9988109469413756,0.5659106373786926,0.0015495867701247,0.5659106220525488,0.5,2520.0,3.0,1933.0,3.0,CNN & 0.57 & 0.5 & 0.55 & 0.72 & 0.57 & 1.0 \\,
,CNN_20220812-1834,20220812-1841,cnn_tuning,SCAR_NLP,CNN,surv_mo_60,ppv4,rand,GoogleNews-vectors-negative300.txt,300.0,300.0,,,,250.0,0.5,,,,,,,False,100.0,0.0001,5.0,loss_weight,0.5658219456672668,0.5,0.679775059223175,0.7227156162261963,1.0,0.5658219456672668,0.0,0.565821933168872,0.0,2523.0,0.0,1936.0,0.0,CNN & 0.57 & 0.5 & 0.68 & 0.72 & 0.57 & 1.0 \\,
,CNN_20220812-1841,20220812-1847,cnn_tuning,SCAR_NLP,CNN,surv_mo_60,ppv4,rand,GoogleNews-vectors-negative300.txt,300.0,300.0,,,,250.0,0.0,,,,,,,False,100.0,1e-05,5.0,loss_weight,0.5658219456672668,0.5,0.4534721672534942,0.7227156162261963,1.0,0.5658219456672668,0.0,0.565821933168872,0.0,2523.0,0.0,1936.0,0.0,CNN & 0.57 & 0.5 & 0.45 & 0.72 & 0.57 & 1.0 \\,
,CNN_20220812-1847,20220812-1854,cnn_tuning,SCAR_NLP,CNN,surv_mo_60,ppv4,rand,GoogleNews-vectors-negative300.txt,300.0,300.0,,,,250.0,0.0,,,,,,,False,100.0,0.0001,5.0,loss_weight,0.4341780543327331,0.5,0.4973847270011902,0.0,0.0,0.0,1.0,0.0,0.434178066831128,0.0,1936.0,0.0,2523.0,CNN & 0.43 & 0.5 & 0.5 & 0.0 & 0.0 & 0.0 \\,
,CNN_20220812-1854,20220812-1900,cnn_tuning,SCAR_NLP,CNN,surv_mo_60,ppv4,rand,GoogleNews-vectors-negative300.txt,300.0,300.0,,,,250.0,0.5,,,,,,,False,100.0,1e-05,5.0,loss_weight,0.5658219456672668,0.5,0.5045870542526245,0.7227156162261963,1.0,0.5658219456672668,0.0,0.565821933168872,0.0,2523.0,0.0,1936.0,0.0,CNN & 0.57 & 0.5 & 0.5 & 0.72 & 0.57 & 1.0 \\,
,CNN_20220812-1900,20220812-1907,cnn_tuning,SCAR_NLP,CNN,surv_mo_60,ppv4,rand,GoogleNews-vectors-negative300.txt,300.0,300.0,,,,250.0,0.5,,,,,,,False,100.0,0.0001,5.0,loss_weight,0.4341780543327331,0.5,0.5,0.0,0.0,0.0,1.0,0.0,0.434178066831128,0.0,1936.0,0.0,2523.0,CNN & 0.43 & 0.5 & 0.5 & 0.0 & 0.0 & 0.0 \\,
,CNN_20220812-1907,20220812-1941,cnn_tuning,SCAR_NLP,CNN,surv_mo_60,ppv4,rand,GoogleNews-vectors-negative300.txt,300.0,300.0,,,,500.0,0.0,,,,,,,False,100.0,1e-05,5.0,loss_weight,0.8237273097038269,0.822240948677063,0.898534893989563,0.8425480723381042,0.8335314989089966,0.8517618179321289,0.8109503984451294,0.8517618469015796,0.7889447236180904,2103.0,1570.0,366.0,420.0,CNN & 0.82 & 0.82 & 0.9 & 0.84 & 0.85 & 0.83 \\,
,CNN_20220812-1941,20220812-1958,cnn_tuning,SCAR_NLP,CNN,surv_mo_60,ppv4,rand,GoogleNews-vectors-negative300.txt,300.0,300.0,,,,500.0,0.0,,,,,,,False,100.0,0.0001,5.0,loss_weight,0.832473635673523,0.833034336566925,0.9067885279655457,0.8484479784965515,0.8287752866744995,0.8690773248672485,0.8372933864593506,0.8690773067331671,0.7895762299074525,2091.0,1621.0,315.0,432.0,CNN & 0.83 & 0.83 & 0.91 & 0.85 & 0.87 & 0.83 \\,
,CNN_20220812-1958,20220812-2006,cnn_tuning,SCAR_NLP,CNN,surv_mo_60,ppv4,rand,GoogleNews-vectors-negative300.txt,300.0,300.0,,,,500.0,0.5,,,,,,,False,100.0,1e-05,5.0,loss_weight,0.4938327074050903,0.5343883037567139,0.5718047618865967,0.335981160402298,0.2263178825378418,0.6518265008926392,0.8424586653709412,0.6518264840182648,0.455205135361429,571.0,1631.0,305.0,1952.0,CNN & 0.49 & 0.53 & 0.57 & 0.34 & 0.65 & 0.23 \\,
,CNN_20220812-2007,20220812-2015,cnn_tuning,SCAR_NLP,CNN,surv_mo_60,ppv4,rand,GoogleNews-vectors-negative300.txt,300.0,300.0,,,,500.0,0.5,,,,,,,False,100.0,0.0001,5.0,loss_weight,0.4341780543327331,0.5,0.6501048803329468,0.0,0.0,0.0,1.0,0.0,0.434178066831128,0.0,1936.0,0.0,2523.0,CNN & 0.43 & 0.5 & 0.65 & 0.0 & 0.0 & 0.0 \\,
,CNN_20220812-2015,20220812-2023,cnn_tuning,SCAR_NLP,CNN,surv_mo_60,ppv4,rand,GoogleNews-vectors-negative300.txt,300.0,300.0,,,,500.0,0.0,,,,,,,False,100.0,1e-05,5.0,loss_weight,0.5658219456672668,0.5,0.4979101419448852,0.7227156162261963,1.0,0.5658219456672668,0.0,0.565821933168872,0.0,2523.0,0.0,1936.0,0.0,CNN & 0.57 & 0.5 & 0.5 & 0.72 & 0.57 & 1.0 \\,
,CNN_20220812-2023,20220812-2031,cnn_tuning,SCAR_NLP,CNN,surv_mo_60,ppv4,rand,GoogleNews-vectors-negative300.txt,300.0,300.0,,,,500.0,0.0,,,,,,,False,100.0,0.0001,5.0,loss_weight,0.4341780543327331,0.5,0.510256290435791,0.0,0.0,0.0,1.0,0.0,0.434178066831128,0.0,1936.0,0.0,2523.0,CNN & 0.43 & 0.5 & 0.51 & 0.0 & 0.0 & 0.0 \\,
,CNN_20220812-2031,20220812-2040,cnn_tuning,SCAR_NLP,CNN,surv_mo_60,ppv4,rand,GoogleNews-vectors-negative300.txt,300.0,300.0,,,,500.0,0.5,,,,,,,False,100.0,1e-05,5.0,loss_weight,0.5658219456672668,0.5,0.489830732345581,0.7227156162261963,1.0,0.5658219456672668,0.0,0.565821933168872,0.0,2523.0,0.0,1936.0,0.0,CNN & 0.57 & 0.5 & 0.49 & 0.72 & 0.57 & 1.0 \\,
,CNN_20220812-2040,20220812-2048,cnn_tuning,SCAR_NLP,CNN,surv_mo_60,ppv4,rand,GoogleNews-vectors-negative300.txt,300.0,300.0,,,,500.0,0.5,,,,,,,False,100.0,0.0001,5.0,loss_weight,0.4341780543327331,0.5,0.5,0.0,0.0,0.0,1.0,0.0,0.434178066831128,0.0,1936.0,0.0,2523.0,CNN & 0.43 & 0.5 & 0.5 & 0.0 & 0.0 & 0.0 \\,
,CNN_20220812-2222,20220812-2239,cnn_tuning,SCAR_NLP,CNN,surv_mo_60,ppv4,rand,GoogleNews-vectors-negative300.txt,300.0,300.0,,,,500.0,0.0,,,,,,,False,100.0,0.0001,5.0,loss_weight,0.8371832370758057,0.8327495455741882,0.9102759957313538,0.8575912117958069,0.8664288520812988,0.8489320278167725,0.7990702390670776,0.8489320388349515,0.8211252653927813,2186.0,1547.0,389.0,337.0,CNN & 0.84 & 0.83 & 0.91 & 0.86 & 0.85 & 0.87 \\,
,CNN_20220812-2239,20220812-2248,cnn_tuning,SCAR_NLP,CNN,surv_mo_60,ppv4,rand,GoogleNews-vectors-negative300.txt,300.0,300.0,,,,500.0,0.1,,,,,,,False,100.0,0.0001,5.0,loss_weight,0.5411527156829834,0.5923671722412109,0.7955173254013062,0.333984375,0.2033293694257736,0.934426248073578,0.9814049601554872,0.9344262295081968,0.4859335038363171,513.0,1900.0,36.0,2010.0,CNN & 0.54 & 0.59 & 0.8 & 0.33 & 0.93 & 0.2 \\,
,CNN_20220812-2248,20220812-2257,cnn_tuning,SCAR_NLP,CNN,surv_mo_60,ppv4,rand,GoogleNews-vectors-negative300.txt,300.0,300.0,,,,500.0,0.2,,,,,,,False,100.0,0.0001,5.0,loss_weight,0.5658219456672668,0.5,0.8123558759689331,0.7227156162261963,1.0,0.5658219456672668,0.0,0.565821933168872,0.0,2523.0,0.0,1936.0,0.0,CNN & 0.57 & 0.5 & 0.81 & 0.72 & 0.57 & 1.0 \\,
,CNN_20220812-2257,20220812-2313,cnn_tuning,SCAR_NLP,CNN,surv_mo_60,ppv4,rand,GoogleNews-vectors-negative300.txt,300.0,300.0,,,,500.0,0.0,,,,,,,False,100.0,0.0001,5.0,loss_weight,0.8360618948936462,0.8336213827133179,0.9059513807296752,0.8547009229660034,0.8521601557731628,0.8572567701339722,0.8150826692581177,0.8572567783094099,0.8088159917990774,2150.0,1578.0,358.0,373.0,CNN & 0.84 & 0.83 & 0.91 & 0.85 & 0.86 & 0.85 \\,
,CNN_20220812-2313,20220812-2322,cnn_tuning,SCAR_NLP,CNN,surv_mo_60,ppv4,rand,GoogleNews-vectors-negative300.txt,300.0,300.0,,,,500.0,0.1,,,,,,,False,100.0,0.0001,5.0,loss_weight,0.5729984045028687,0.6193666458129883,0.8000331521034241,0.4145141541957855,0.2671422958374023,0.924554169178009,0.9715909361839294,0.9245541838134432,0.504289544235925,674.0,1881.0,55.0,1849.0,CNN & 0.57 & 0.62 & 0.8 & 0.41 & 0.92 & 0.27 \\,
,CNN_20220812-2322,20220812-2331,cnn_tuning,SCAR_NLP,CNN,surv_mo_60,ppv4,rand,GoogleNews-vectors-negative300.txt,300.0,300.0,,,,500.0,0.2,,,,,,,False,100.0,0.0001,5.0,loss_weight,0.4341780543327331,0.5,0.8019959926605225,0.0,0.0,0.0,1.0,0.0,0.434178066831128,0.0,1936.0,0.0,2523.0,CNN & 0.43 & 0.5 & 0.8 & 0.0 & 0.0 & 0.0 \\,
,CNN_20220812-2331,20220812-2350,cnn_tuning,SCAR_NLP,CNN,surv_mo_60,ppv4,rand,GoogleNews-vectors-negative300.txt,300.0,300.0,,,,500.0,0.0,,,,,,,False,100.0,0.0001,5.0,loss_weight,0.8322494029998779,0.8262264728546143,0.9084961414337158,0.8547008633613586,0.8719778060913086,0.8380952477455139,0.7804751992225647,0.8380952380952381,0.8238822246455835,2200.0,1511.0,425.0,323.0,CNN & 0.83 & 0.83 & 0.91 & 0.85 & 0.84 & 0.87 \\,
,CNN_20220812-2350,20220812-2359,cnn_tuning,SCAR_NLP,CNN,surv_mo_60,ppv4,rand,GoogleNews-vectors-negative300.txt,300.0,300.0,,,,500.0,0.1,,,,,,,False,100.0,0.0001,5.0,loss_weight,0.4341780543327331,0.5,0.8091217279434204,0.0,0.0,0.0,1.0,0.0,0.434178066831128,0.0,1936.0,0.0,2523.0,CNN & 0.43 & 0.5 & 0.81 & 0.0 & 0.0 & 0.0 \\,
,CNN_20220812-2359,20220813-0008,cnn_tuning,SCAR_NLP,CNN,surv_mo_60,ppv4,rand,GoogleNews-vectors-negative300.txt,300.0,300.0,,,,500.0,0.2,,,,,,,False,100.0,0.0001,5.0,loss_weight,0.4341780543327331,0.5,0.8109358549118042,0.0,0.0,0.0,1.0,0.0,0.434178066831128,0.0,1936.0,0.0,2523.0,CNN & 0.43 & 0.5 & 0.81 & 0.0 & 0.0 & 0.0 \\,
,CNN_20220813-0844,20220813-0858,cnn_tuning,SCAR_NLP,CNN,surv_mo_60,ppv4,rand,GoogleNews-vectors-negative300.txt,300.0,300.0,,,,500.0,0.0,,,,,,,False,100.0,0.0001,5.0,loss_weight,0.832473635673523,0.832072913646698,0.9066470861434937,0.8494255542755127,0.8351169228553772,0.8642329573631287,0.8290289044380188,0.8642329778506973,0.7941613062840178,2107.0,1605.0,331.0,416.0,CNN & 0.83 & 0.83 & 0.91 & 0.85 & 0.86 & 0.84 \\,
,CNN_20220813-0858,20220813-0906,cnn_tuning,SCAR_NLP,CNN,surv_mo_60,ppv4,rand,GoogleNews-vectors-negative300.txt,300.0,300.0,,,,500.0,0.01,,,,,,,False,100.0,0.0001,5.0,loss_weight,0.7638484239578247,0.7585721015930176,0.8430206775665283,0.7928389310836792,0.7986524105072021,0.787109375,0.7184917330741882,0.787109375,0.732490784623486,2015.0,1391.0,545.0,508.0,CNN & 0.76 & 0.76 & 0.84 & 0.79 & 0.79 & 0.8 \\,
,CNN_20220813-0906,20220813-0915,cnn_tuning,SCAR_NLP,CNN,surv_mo_60,ppv4,rand,GoogleNews-vectors-negative300.txt,300.0,300.0,,,,500.0,0.02,,,,,,,False,100.0,0.0001,5.0,loss_weight,0.7528594136238098,0.7513850927352905,0.838539719581604,0.7773737907409668,0.7625842094421387,0.7927482724189758,0.7401859760284424,0.7927482488669139,0.7052165354330708,1924.0,1433.0,503.0,599.0,CNN & 0.75 & 0.75 & 0.84 & 0.78 & 0.79 & 0.76 \\,
,CNN_20220813-0915,20220813-0931,cnn_tuning,SCAR_NLP,CNN,surv_mo_60,ppv4,rand,GoogleNews-vectors-negative300.txt,300.0,300.0,,,,500.0,0.0,,,,,,,False,100.0,0.0001,5.0,loss_weight,0.836286187171936,0.8347809314727783,0.9070231914520264,0.8539999723434448,0.8462148308753967,0.8619297742843628,0.8233470916748047,0.8619297537343561,0.8042381432896064,2135.0,1594.0,342.0,388.0,CNN & 0.84 & 0.83 & 0.91 & 0.85 & 0.86 & 0.85 \\,
,CNN_20220813-0931,20220813-1010,cnn_tuning,SCAR_NLP,CNN,surv_mo_60,ppv4,rand,GoogleNews-vectors-negative300.txt,300.0,300.0,,,,500.0,0.01,,,,,,,False,100.0,0.0001,5.0,loss_weight,0.789414644241333,0.7828466892242432,0.8528647422790527,0.8173506855964661,0.8327388167381287,0.8025209903717041,0.7329545617103577,0.8025210084033614,0.7707767517653449,2101.0,1419.0,517.0,422.0,CNN & 0.79 & 0.78 & 0.85 & 0.82 & 0.8 & 0.83 \\,
,CNN_20220813-1010,20220813-1030,cnn_tuning,SCAR_NLP,CNN,surv_mo_60,ppv4,rand,GoogleNews-vectors-negative300.txt,300.0,300.0,,,,500.0,0.02,,,,,,,False,100.0,0.0001,5.0,loss_weight,0.7649697065353394,0.7510905861854553,0.8299667835235596,0.8048416972160339,0.8565199971199036,0.7590445876121521,0.6456611752510071,0.7590446083596768,0.7754342431761787,2161.0,1250.0,686.0,362.0,CNN & 0.76 & 0.75 & 0.83 & 0.8 & 0.76 & 0.86 \\,
,CNN_20220813-1030,20220813-1048,cnn_tuning,SCAR_NLP,CNN,surv_mo_60,ppv4,rand,GoogleNews-vectors-negative300.txt,300.0,300.0,,,,500.0,0.0,,,,,,,False,100.0,0.0001,5.0,loss_weight,0.8369589447975159,0.8338732719421387,0.9091410636901855,0.8561251163482666,0.8573127388954163,0.8549407124519348,0.8104338645935059,0.8549407114624505,0.8133748055987559,2163.0,1569.0,367.0,360.0,CNN & 0.84 & 0.83 & 0.91 & 0.86 & 0.85 & 0.86 \\,
,CNN_20220813-1048,20220813-1107,cnn_tuning,SCAR_NLP,CNN,surv_mo_60,ppv4,rand,GoogleNews-vectors-negative300.txt,300.0,300.0,,,,500.0,0.01,,,,,,,False,100.0,0.0001,5.0,loss_weight,0.782686710357666,0.774978518486023,0.8472288846969604,0.8127536177635193,0.8335314989089966,0.7929864525794983,0.7164255976676941,0.7929864253393665,0.7675705589374654,2103.0,1387.0,549.0,420.0,CNN & 0.78 & 0.77 & 0.85 & 0.81 & 0.79 & 0.83 \\,
,CNN_20220813-1107,20220813-1116,cnn_tuning,SCAR_NLP,CNN,surv_mo_60,ppv4,rand,GoogleNews-vectors-negative300.txt,300.0,300.0,,,,500.0,0.02,,,,,,,False,100.0,0.0001,5.0,loss_weight,0.7537564635276794,0.751396656036377,0.838746964931488,0.7795181274414062,0.7693222165107727,0.7899878025054932,0.7334710955619812,0.78998778998779,0.7092907092907093,1941.0,1420.0,516.0,582.0,CNN & 0.75 & 0.75 & 0.84 & 0.78 & 0.79 & 0.77 \\,
,CNN_20220813-1116,20220813-1137,cnn_tuning,SCAR_NLP,CNN,surv_mo_60,ppv4,rand,GoogleNews-vectors-negative300.txt,300.0,300.0,,,,500.0,0.0,,,,,,,False,100.0,0.0001,5.0,loss_weight,0.8333706855773926,0.8301016092300415,0.9053531885147096,0.8530749678611755,0.854934573173523,0.851223349571228,0.8052685856819153,0.851223362273086,0.8098701298701299,2157.0,1559.0,377.0,366.0,CNN & 0.83 & 0.83 & 0.91 & 0.85 & 0.85 & 0.85 \\,
,CNN_20220813-1137,20220813-1202,cnn_tuning,SCAR_NLP,CNN,surv_mo_60,ppv4,rand,GoogleNews-vectors-negative300.txt,300.0,300.0,,,,500.0,0.01,,,,,,,False,100.0,0.0001,5.0,loss_weight,0.7712491750717163,0.7602448463439941,0.8435449600219727,0.8067449927330017,0.8438367247581482,0.7727767825126648,0.6766529083251953,0.7727767695099819,0.7687793427230047,2129.0,1310.0,626.0,394.0,CNN & 0.77 & 0.76 & 0.84 & 0.81 & 0.77 & 0.84 \\,
,CNN_20220813-1202,20220813-1224,cnn_tuning,SCAR_NLP,CNN,surv_mo_60,ppv4,rand,GoogleNews-vectors-negative300.txt,300.0,300.0,,,,500.0,0.02,,,,,,,False,100.0,0.0001,5.0,loss_weight,0.7705763578414917,0.7549033164978027,0.8294180035591125,0.8117063045501709,0.8739596009254456,0.7577319741249084,0.6358470916748047,0.7577319587628866,0.7947062621045836,2205.0,1231.0,705.0,318.0,CNN & 0.77 & 0.75 & 0.83 & 0.81 & 0.76 & 0.87 \\,
,CNN_20220813-1402,20220813-1417,cnn_tuning,SCAR_NLP,CNN,surv_mo_60,ppv4,rand,GoogleNews-vectors-negative300.txt,300.0,300.0,,,,250.0,0.0,,,,,,,False,100.0,0.0001,5.0,loss_weight,0.8369589447975159,0.8315298557281494,0.907323718070984,0.85831218957901,0.8727704882621765,0.8443251252174377,0.7902892827987671,0.8443251533742331,0.826580226904376,2202.0,1530.0,406.0,321.0,CNN & 0.84 & 0.83 & 0.91 & 0.86 & 0.84 & 0.87 \\,
,CNN_20220813-1417,20220813-1428,cnn_tuning,SCAR_NLP,CNN,surv_mo_60,ppv4,rand,GoogleNews-vectors-negative300.txt,300.0,300.0,,,,250.0,0.0,,,,,,,False,100.0,0.0001,5.0,loss_weight,0.8329221606254578,0.8339715003967285,0.9063643217086792,0.8483615517616272,0.8260008096694946,0.871966540813446,0.8419421315193176,0.8719665271966527,0.7878202029966167,2084.0,1630.0,306.0,439.0,CNN & 0.83 & 0.83 & 0.91 & 0.85 & 0.87 & 0.83 \\,
,CNN_20220813-1428,20220813-1444,cnn_tuning,SCAR_NLP,CNN,surv_mo_60,ppv4,rand,GoogleNews-vectors-negative300.txt,300.0,300.0,,,,250.0,0.0,,,,,,,False,100.0,0.0001,5.0,loss_weight,0.8385288119316101,0.8345995545387268,0.9090827703475952,0.8583234548568726,0.8644470572471619,0.8522860407829285,0.8047520518302917,0.8522860492379836,0.82,2181.0,1558.0,378.0,342.0,CNN & 0.84 & 0.83 & 0.91 & 0.86 & 0.85 & 0.86 \\,
,CNN_20220813-1444,20220813-1458,cnn_tuning,SCAR_NLP,CNN,surv_mo_60,ppv4,rand,GoogleNews-vectors-negative300.txt,300.0,300.0,,,,250.0,0.0,,,,,,,False,100.0,0.0001,5.0,loss_weight,0.8353890776634216,0.8311641216278076,0.9080215692520142,0.8557956218719482,0.8632580041885376,0.8484612107276917,0.7990702390670776,0.8484612388001558,0.8176532769556025,2178.0,1547.0,389.0,345.0,CNN & 0.84 & 0.83 & 0.91 & 0.86 & 0.85 & 0.86 \\,
,CNN_20220813-1458,20220813-1514,cnn_tuning,SCAR_NLP,CNN,surv_mo_60,ppv4,rand,GoogleNews-vectors-negative300.txt,300.0,300.0,,,,250.0,0.0,,,,,,,False,100.0,0.0001,5.0,loss_weight,0.8333706855773926,0.8297411203384399,0.904463231563568,0.8534228205680847,0.8573127388954163,0.8495679497718811,0.8021694421768188,0.8495679497250589,0.8118139048614741,2163.0,1553.0,383.0,360.0,CNN & 0.83 & 0.83 & 0.9 & 0.85 & 0.85 & 0.86 \\,
,CNN_20220813-1514,20220813-1532,cnn_tuning,SCAR_NLP,CNN,surv_mo_60,ppv4,rand,GoogleNews-vectors-negative300.txt,300.0,300.0,,,,500.0,0.0,,,,,,,False,100.0,0.0001,5.0,loss_weight,0.836286187171936,0.8308752775192261,0.9094700813293456,0.8576997518539429,0.8719778060913086,0.8438818454742432,0.7897727489471436,0.8438818565400844,0.8255939524838013,2200.0,1529.0,407.0,323.0,CNN & 0.84 & 0.83 & 0.91 & 0.86 & 0.84 & 0.87 \\,
,CNN_20220813-1532,20220813-1552,cnn_tuning,SCAR_NLP,CNN,surv_mo_60,ppv4,rand,GoogleNews-vectors-negative300.txt,300.0,300.0,,,,500.0,0.0,,,,,,,False,100.0,0.0001,5.0,loss_weight,0.8374074697494507,0.8349305987358093,0.9093934893608092,0.8559507131576538,0.8537455201148987,0.8581673502922058,0.81611567735672,0.8581673306772908,0.8106721395587481,2154.0,1580.0,356.0,369.0,CNN & 0.84 & 0.83 & 0.91 & 0.86 & 0.86 & 0.85 \\,
,CNN_20220813-1552,20220813-1614,cnn_tuning,SCAR_NLP,CNN,surv_mo_60,ppv4,rand,GoogleNews-vectors-negative300.txt,300.0,300.0,,,,500.0,0.0,,,,,,,False,100.0,0.0001,5.0,loss_weight,0.836286187171936,0.8357423543930054,0.9088031053543092,0.8530596494674683,0.839873194694519,0.8666666746139526,0.8316115736961365,0.8666666666666667,0.7994041708043694,2119.0,1610.0,326.0,404.0,CNN & 0.84 & 0.84 & 0.91 & 0.85 & 0.87 & 0.84 \\,
,CNN_20220813-1614,20220813-1634,cnn_tuning,SCAR_NLP,CNN,surv_mo_60,ppv4,rand,GoogleNews-vectors-negative300.txt,300.0,300.0,,,,500.0,0.0,,,,,,,False,100.0,0.0001,5.0,loss_weight,0.8353890776634216,0.8323057889938354,0.9081386923789978,0.8547109365463257,0.8557273149490356,0.8536971211433411,0.80888432264328,0.8536971134835903,0.81139896373057,2159.0,1566.0,370.0,364.0,CNN & 0.84 & 0.83 & 0.91 & 0.85 & 0.85 & 0.86 \\,
,CNN_20220813-1634,20220813-1656,cnn_tuning,SCAR_NLP,CNN,surv_mo_60,ppv4,rand,GoogleNews-vectors-negative300.txt,300.0,300.0,,,,500.0,0.0,,,,,,,False,100.0,0.0001,5.0,loss_weight,0.8387531042098999,0.8361196517944336,0.9070546627044678,0.8573130369186401,0.856123685836792,0.8585055470466614,0.81611567735672,0.8585055643879174,0.8131755018013381,2160.0,1580.0,356.0,363.0,CNN & 0.84 & 0.84 & 0.91 & 0.86 & 0.86 & 0.86 \\,
,CNN_20220813-1656,20220813-1715,cnn_tuning,SCAR_NLP,CNN,surv_mo_60,ppv4,rand,GoogleNews-vectors-negative300.txt,300.0,300.0,,,,750.0,0.0,,,,,,,False,100.0,0.0001,5.0,loss_weight,0.8329221606254578,0.8343319892883301,0.9083023071289062,0.8479902148246765,0.8236226439476013,0.8738435506820679,0.8450413346290588,0.8738435660218671,0.7861604997597309,2078.0,1636.0,300.0,445.0,CNN & 0.83 & 0.83 & 0.91 & 0.85 & 0.87 & 0.82 \\,
,CNN_20220814-1500,20220814-1555,cnn_tuning,SCAR_NLP,CNN,surv_mo_60,ppv4,rand,GoogleNews-vectors-negative300.txt,300.0,300.0,,,,500.0,0.0,,,,,,,False,100.0,1e-05,5.0,loss_weight,0.8295581936836243,0.8269128799438477,0.903036892414093,0.849026620388031,0.8470075130462646,0.851055383682251,0.8068181872367859,0.8510553564317005,0.8018480492813141,2137.0,1562.0,374.0,386.0,CNN & 0.83 & 0.83 & 0.9 & 0.85 & 0.85 & 0.85 \\,
,CNN_20220814-1555,20220814-1624,cnn_tuning,SCAR_NLP,CNN,surv_mo_60,ppv4,rand,GoogleNews-vectors-negative300.txt,300.0,300.0,,,,500.0,0.0,,,,,,,False,100.0,5e-05,5.0,loss_weight,0.8356133699417114,0.8357486724853516,0.9096009135246276,0.8517694473266602,0.8347205519676208,0.8695293068885803,0.836776852607727,0.8695293146160198,0.7952871870397643,2106.0,1620.0,316.0,417.0,CNN & 0.84 & 0.84 & 0.91 & 0.85 & 0.87 & 0.83 \\,
,CNN_20220814-1624,20220814-1645,cnn_tuning,SCAR_NLP,CNN,surv_mo_60,ppv4,rand,GoogleNews-vectors-negative300.txt,300.0,300.0,,,,500.0,0.0,,,,,,,False,100.0,0.0001,5.0,loss_weight,0.8374074697494507,0.833969235420227,0.9088321328163148,0.8568608164787292,0.8600872159004211,0.8536585569381714,0.807851254940033,0.8536585365853658,0.8158581116327596,2170.0,1564.0,372.0,353.0,CNN & 0.84 & 0.83 & 0.91 & 0.86 & 0.85 & 0.86 \\,
,CNN_20220814-1645,20220814-1802,cnn_tuning,SCAR_NLP,CNN,surv_mo_60,ppv4,rand,GoogleNews-vectors-negative300.txt,300.0,300.0,,,,500.0,0.0,,,,,,,False,100.0,1e-05,5.0,loss_weight,0.834492027759552,0.8334959745407104,0.9061716794967652,0.8518667221069336,0.8410622477531433,0.8629524111747742,0.8259297609329224,0.8629524196827979,0.7995,2122.0,1599.0,337.0,401.0,CNN & 0.83 & 0.83 & 0.91 & 0.85 & 0.86 & 0.84 \\,
,CNN_20220814-1802,20220814-1834,cnn_tuning,SCAR_NLP,CNN,surv_mo_60,ppv4,rand,GoogleNews-vectors-negative300.txt,300.0,300.0,,,,500.0,0.0,,,,,,,False,100.0,5e-05,5.0,loss_weight,0.8369589447975159,0.8338732719421387,0.9089545607566832,0.8561251163482666,0.8573127388954163,0.8549407124519348,0.8104338645935059,0.8549407114624505,0.8133748055987559,2163.0,1569.0,367.0,360.0,CNN & 0.84 & 0.83 & 0.91 & 0.86 & 0.85 & 0.86 \\,
,CNN_20220814-1834,20220814-1854,cnn_tuning,SCAR_NLP,CNN,surv_mo_60,ppv4,rand,GoogleNews-vectors-negative300.txt,300.0,300.0,,,,500.0,0.0,,,,,,,False,100.0,0.0001,5.0,loss_weight,0.8360618948936462,0.8359647989273071,0.9098883271217346,0.8524126410484314,0.8367023468017578,0.8687242865562439,0.8352272510528564,0.8687242798353909,0.7969443075406605,2111.0,1617.0,319.0,412.0,CNN & 0.84 & 0.84 & 0.91 & 0.85 & 0.87 & 0.84 \\,
,CNN_20220814-1854,20220814-2018,cnn_tuning,SCAR_NLP,CNN,surv_mo_60,ppv4,rand,GoogleNews-vectors-negative300.txt,300.0,300.0,,,,500.0,0.0,,,,,,,False,100.0,1e-05,5.0,loss_weight,0.8369589447975159,0.834233820438385,0.9057458639144896,0.8557825684547424,0.854934573173523,0.8566322326660156,0.8135330677032471,0.8566322478157268,0.8114374034003091,2157.0,1575.0,361.0,366.0,CNN & 0.84 & 0.83 & 0.91 & 0.86 & 0.86 & 0.85 \\,
,CNN_20220814-2018,20220814-2050,cnn_tuning,SCAR_NLP,CNN,surv_mo_60,ppv4,rand,GoogleNews-vectors-negative300.txt,300.0,300.0,,,,500.0,0.0,,,,,,,False,100.0,5e-05,5.0,loss_weight,0.8360618948936462,0.83247971534729,0.9082688093185424,0.8557900786399841,0.8596908450126648,0.8519245982170105,0.8052685856819153,0.851924587588374,0.8149503397804495,2169.0,1559.0,377.0,354.0,CNN & 0.84 & 0.83 & 0.91 & 0.86 & 0.85 & 0.86 \\,
,CNN_20220814-2050,20220814-2111,cnn_tuning,SCAR_NLP,CNN,surv_mo_60,ppv4,rand,GoogleNews-vectors-negative300.txt,300.0,300.0,,,,500.0,0.0,,,,,,,False,100.0,0.0001,5.0,loss_weight,0.8378559947013855,0.8323826789855957,0.9102451801300048,0.8591467142105103,0.8739596009254456,0.8448275923728943,0.7908057570457458,0.8448275862068966,0.8280151433207139,2205.0,1531.0,405.0,318.0,CNN & 0.84 & 0.83 & 0.91 & 0.86 & 0.84 & 0.87 \\,
,CNN_20220814-2111,20220814-2212,cnn_tuning,SCAR_NLP,CNN,surv_mo_60,ppv4,rand,GoogleNews-vectors-negative300.txt,300.0,300.0,,,,500.0,0.0,,,,,,,False,100.0,1e-05,5.0,loss_weight,0.8302310109138489,0.8283486366271973,0.9005971550941467,0.8488720059394836,0.8426476120948792,0.8551890850067139,0.8140496015548706,0.8551890587288817,0.7987835783071465,2126.0,1576.0,360.0,397.0,CNN & 0.83 & 0.83 & 0.9 & 0.85 & 0.86 & 0.84 \\,
,CNN_20220814-2212,20220814-2239,cnn_tuning,SCAR_NLP,CNN,surv_mo_60,ppv4,rand,GoogleNews-vectors-negative300.txt,300.0,300.0,,,,500.0,0.0,,,,,,,False,100.0,5e-05,5.0,loss_weight,0.8358376026153564,0.8329424858093262,0.90717613697052,0.854934573173523,0.854934573173523,0.854934573173523,0.8109503984451294,0.8549346016646849,0.8109504132231405,2157.0,1570.0,366.0,366.0,CNN & 0.84 & 0.83 & 0.91 & 0.85 & 0.85 & 0.85 \\,
,CNN_20220814-2240,20220814-2259,cnn_tuning,SCAR_NLP,CNN,surv_mo_60,ppv4,rand,GoogleNews-vectors-negative300.txt,300.0,300.0,,,,500.0,0.0,,,,,,,False,100.0,0.0001,5.0,loss_weight,0.8356133699417114,0.8332850933074951,0.9072246551513672,0.8541873693466187,0.8509710431098938,0.8574281334877014,0.8155992031097412,0.8574281150159745,0.8076726342710997,2147.0,1579.0,357.0,376.0,CNN & 0.84 & 0.83 & 0.91 & 0.85 & 0.86 & 0.85 \\,
,CNN_20220814-2259,20220815-0025,cnn_tuning,SCAR_NLP,CNN,surv_mo_60,ppv4,rand,GoogleNews-vectors-negative300.txt,300.0,300.0,,,,500.0,0.0,,,,,,,False,100.0,1e-05,5.0,loss_weight,0.8329221606254578,0.8300657868385315,0.9014227390289308,0.8522704839706421,0.8517637848854065,0.8527777791023254,0.8083677887916565,0.8527777777777777,0.8071170706549768,2149.0,1565.0,371.0,374.0,CNN & 0.83 & 0.83 & 0.9 & 0.85 & 0.85 & 0.85 \\,
,CNN_20220815-0025,20220815-0056,cnn_tuning,SCAR_NLP,CNN,surv_mo_60,ppv4,rand,GoogleNews-vectors-negative300.txt,300.0,300.0,,,,500.0,0.0,,,,,,,False,100.0,5e-05,5.0,loss_weight,0.8335949778556824,0.8295186161994934,0.9059776067733764,0.8540518879890442,0.8604835271835327,0.8477157354354858,0.7985537052154541,0.8477157360406091,0.8145416227608009,2171.0,1546.0,390.0,352.0,CNN & 0.83 & 0.83 & 0.91 & 0.85 & 0.85 & 0.86 \\,
,CNN_20220815-0056,20220815-0118,cnn_tuning,SCAR_NLP,CNN,surv_mo_60,ppv4,rand,GoogleNews-vectors-negative300.txt,300.0,300.0,,,,500.0,0.0,,,,,,,False,100.0,0.0001,5.0,loss_weight,0.8371832370758057,0.8344920873641968,0.9064210653305054,0.8559523224830627,0.854934573173523,0.8569725751876831,0.8140496015548706,0.8569725864123957,0.811534500514933,2157.0,1576.0,360.0,366.0,CNN & 0.84 & 0.83 & 0.91 & 0.86 & 0.86 & 0.85 \\,
,CNN_20220815-2122,20220815-2145,cnn_tuning,SCAR_NLP,CNN,surv_mo_60,ppv4,rand,GoogleNews-vectors-negative300.txt,300.0,300.0,,,,500.0,0.0,,,,,,,False,100.0,5e-05,5.0,loss_weight,0.8371832370758057,0.8340714573860168,0.9068581461906432,0.8563514351844788,0.8577090501785278,0.8549980521202087,0.8104338645935059,0.8549980244962465,0.8137966804979253,2164.0,1569.0,367.0,359.0,CNN & 0.84 & 0.83 & 0.91 & 0.86 & 0.85 & 0.86 \\,
,CNN_20220815-2145,20220815-2207,cnn_tuning,SCAR_NLP,CNN,surv_mo_60,ppv4,rand,GoogleNews-vectors-negative300.txt,300.0,300.0,,,,500.0,0.0,,,,,,,False,100.0,0.0001,5.0,loss_weight,0.8356133699417114,0.833825945854187,0.9079192280769348,0.8536633849143982,0.847403883934021,0.8600161075592041,0.8202479481697083,0.8600160901045857,0.8048656867714141,2138.0,1588.0,348.0,385.0,CNN & 0.84 & 0.83 & 0.91 & 0.85 & 0.86 & 0.85 \\,
,CNN_20220815-2207,20220815-2218,cnn_tuning,SCAR_NLP,CNN,surv_mo_60,ppv4,rand,GoogleNews-vectors-negative300.txt,300.0,300.0,,,,500.0,0.0,,,,,,,False,100.0,0.0005,5.0,loss_weight,0.8322494029998779,0.8338576555252075,0.9079614281654358,0.847159743309021,0.8216409087181091,0.8743146061897278,0.8460744023323059,0.8743146351750316,0.7844827586206896,2073.0,1638.0,298.0,450.0,CNN & 0.83 & 0.83 & 0.91 & 0.85 & 0.87 & 0.82 \\,
,CNN_20220815-2218,20220815-2226,cnn_tuning,SCAR_NLP,CNN,surv_mo_60,ppv4,rand,GoogleNews-vectors-negative300.txt,300.0,300.0,,,,500.0,0.0,,,,,,,False,100.0,0.001,5.0,loss_weight,0.8268669843673706,0.8214702606201172,0.8982216715812683,0.8493364453315735,0.8624653220176697,0.8366013169288635,0.7804751992225647,0.8366013071895425,0.8132400430570506,2176.0,1511.0,425.0,347.0,CNN & 0.83 & 0.82 & 0.9 & 0.85 & 0.84 & 0.86 \\,
,CNN_20220815-2226,20220815-2256,cnn_tuning,SCAR_NLP,CNN,surv_mo_60,ppv4,rand,GoogleNews-vectors-negative300.txt,300.0,300.0,,,,500.0,0.0,,,,,,,False,100.0,5e-05,5.0,loss_weight,0.8360618948936462,0.83290034532547,0.9079442024230956,0.855390727519989,0.8569163680076599,0.8538704514503479,0.80888432264328,0.8538704581358609,0.8126621691748832,2162.0,1566.0,370.0,361.0,CNN & 0.84 & 0.83 & 0.91 & 0.86 & 0.85 & 0.86 \\,
,CNN_20220815-2256,20220815-2318,cnn_tuning,SCAR_NLP,CNN,surv_mo_60,ppv4,rand,GoogleNews-vectors-negative300.txt,300.0,300.0,,,,500.0,0.0,,,,,,,False,100.0,0.0001,5.0,loss_weight,0.8335949778556824,0.8255528211593628,0.9076205492019652,0.8577454090118408,0.8866428732872009,0.8306720852851868,0.7644628286361694,0.8306721128852581,0.8380520951302378,2237.0,1480.0,456.0,286.0,CNN & 0.83 & 0.83 & 0.91 & 0.86 & 0.83 & 0.89 \\,
,CNN_20220815-2318,20220815-2329,cnn_tuning,SCAR_NLP,CNN,surv_mo_60,ppv4,rand,GoogleNews-vectors-negative300.txt,300.0,300.0,,,,500.0,0.0,,,,,,,False,100.0,0.0005,5.0,loss_weight,0.8311280608177185,0.8300426602363586,0.9061286449432372,0.848886251449585,0.8382877707481384,0.8597561120986938,0.8217975497245789,0.8597560975609756,0.7958979489744873,2115.0,1591.0,345.0,408.0,CNN & 0.83 & 0.83 & 0.91 & 0.85 & 0.86 & 0.84 \\,
,CNN_20220815-2329,20220815-2339,cnn_tuning,SCAR_NLP,CNN,surv_mo_60,ppv4,rand,GoogleNews-vectors-negative300.txt,300.0,300.0,,,,500.0,0.0,,,,,,,False,100.0,0.001,5.0,loss_weight,0.8335949778556824,0.8274155855178833,0.9025784730911256,0.8560341596603394,0.8743559122085571,0.8384644389152527,0.7804751992225647,0.8384644621816799,0.8265864332603938,2206.0,1511.0,425.0,317.0,CNN & 0.83 & 0.83 & 0.9 & 0.86 & 0.84 & 0.87 \\,
,CNN_20220815-2339,20220816-0000,cnn_tuning,SCAR_NLP,CNN,surv_mo_60,ppv4,rand,GoogleNews-vectors-negative300.txt,300.0,300.0,,,,500.0,0.0,,,,,,,False,100.0,5e-05,5.0,loss_weight,0.8329221606254578,0.8297653198242188,0.9044005870819092,0.8525628447532654,0.8537455201148987,0.85138338804245,0.8057851195335388,0.8513833992094861,0.8087091757387247,2154.0,1560.0,376.0,369.0,CNN & 0.83 & 0.83 & 0.9 & 0.85 & 0.85 & 0.85 \\,
,CNN_20220816-0000,20220816-0018,cnn_tuning,SCAR_NLP,CNN,surv_mo_60,ppv4,rand,GoogleNews-vectors-negative300.txt,300.0,300.0,,,,500.0,0.0,,,,,,,False,100.0,0.0001,5.0,loss_weight,0.8351648449897766,0.8351119756698608,0.9076926112174988,0.8515451550483704,0.8355132937431335,0.8682042956352234,0.8347107172012329,0.8682042833607908,0.7956671590349581,2108.0,1616.0,320.0,415.0,CNN & 0.84 & 0.84 & 0.91 & 0.85 & 0.87 & 0.84 \\,
,CNN_20220816-0018,20220816-0029,cnn_tuning,SCAR_NLP,CNN,surv_mo_60,ppv4,rand,GoogleNews-vectors-negative300.txt,300.0,300.0,,,,500.0,0.0,,,,,,,False,100.0,0.0005,5.0,loss_weight,0.8131868243217468,0.8210985660552979,0.9067113399505616,0.8217419385910034,0.7609987854957581,0.8930232524871826,0.8811983466148376,0.8930232558139535,0.7388479861411866,1920.0,1706.0,230.0,603.0,CNN & 0.81 & 0.82 & 0.91 & 0.82 & 0.89 & 0.76 \\,
,CNN_20220816-0029,20220816-0038,cnn_tuning,SCAR_NLP,CNN,surv_mo_60,ppv4,rand,GoogleNews-vectors-negative300.txt,300.0,300.0,,,,500.0,0.0,,,,,,,False,100.0,0.001,5.0,loss_weight,0.8320251107215881,0.8286721706390381,0.900942862033844,0.851947009563446,0.854141891002655,0.8497633934020996,0.8032024502754211,0.8497634069400631,0.8086323452938118,2155.0,1555.0,381.0,368.0,CNN & 0.83 & 0.83 & 0.9 & 0.85 & 0.85 & 0.85 \\,
,CNN_20220816-0038,20220816-0110,cnn_tuning,SCAR_NLP,CNN,surv_mo_60,ppv4,rand,GoogleNews-vectors-negative300.txt,300.0,300.0,,,,500.0,0.0,,,,,,,False,100.0,5e-05,5.0,loss_weight,0.8367347121238708,0.8366193771362305,0.9110502004623412,0.8530480861663818,0.8374950289726257,0.8691896200180054,0.83574378490448,0.8691896338955163,0.7978303747534516,2113.0,1618.0,318.0,410.0,CNN & 0.84 & 0.84 & 0.91 & 0.85 & 0.87 & 0.84 \\,
,CNN_20220816-0110,20220816-0128,cnn_tuning,SCAR_NLP,CNN,surv_mo_60,ppv4,rand,GoogleNews-vectors-negative300.txt,300.0,300.0,,,,500.0,0.0,,,,,,,False,100.0,0.0001,5.0,loss_weight,0.8353890776634216,0.8344088792800903,0.9065847396850586,0.8526695966720581,0.8418549299240112,0.8637657761573792,0.8269628286361694,0.8637657584383895,0.8005,2124.0,1601.0,335.0,399.0,CNN & 0.84 & 0.83 & 0.91 & 0.85 & 0.86 & 0.84 \\,
,CNN_20220816-0128,20220816-0141,cnn_tuning,SCAR_NLP,CNN,surv_mo_60,ppv4,rand,GoogleNews-vectors-negative300.txt,300.0,300.0,,,,500.0,0.0,,,,,,,False,100.0,0.0005,5.0,loss_weight,0.8232787847518921,0.8253296613693237,0.8989161252975464,0.8383257985115051,0.8097503185272217,0.8689919114112854,0.8409090638160706,0.8689919183326245,0.7722960151802657,2043.0,1628.0,308.0,480.0,CNN & 0.82 & 0.83 & 0.9 & 0.84 & 0.87 & 0.81 \\,
,CNN_20220816-0141,20220816-0150,cnn_tuning,SCAR_NLP,CNN,surv_mo_60,ppv4,rand,GoogleNews-vectors-negative300.txt,300.0,300.0,,,,500.0,0.0,,,,,,,False,100.0,0.001,5.0,loss_weight,0.8291096687316895,0.8271774649620056,0.902587115764618,0.8479042053222656,0.8418549299240112,0.8540410399436951,0.8125,0.8540410132689988,0.7976673427991886,2124.0,1573.0,363.0,399.0,CNN & 0.83 & 0.83 & 0.9 & 0.85 & 0.85 & 0.84 \\,
,CNN_20220816-0951,20220816-1056,cnn_tuning,SCAR_NLP,CNN,surv_mo_60,ppv4,rand,GoogleNews-vectors-negative300.txt,300.0,300.0,,,,500.0,0.0,,,,,,,False,100.0,1e-05,5.0,loss_weight,0.832473635673523,0.8315321207046509,0.9038954973220824,0.8499698638916016,0.83868408203125,0.861563503742218,0.8243801593780518,0.8615635179153095,0.7968047928107839,2116.0,1596.0,340.0,407.0,CNN & 0.83 & 0.83 & 0.9 & 0.85 & 0.86 & 0.84 \\,
,CNN_20220816-1056,20220816-1126,cnn_tuning,SCAR_NLP,CNN,surv_mo_60,ppv4,rand,GoogleNews-vectors-negative300.txt,300.0,300.0,,,,500.0,0.0,,,,,,,False,100.0,5e-05,5.0,loss_weight,0.8378559947013855,0.8360480070114136,0.9086689352989196,0.8557174801826477,0.8497819900512695,0.8617363572120667,0.8223140239715576,0.8617363344051447,0.8077118214104515,2144.0,1592.0,344.0,379.0,CNN & 0.84 & 0.84 & 0.91 & 0.86 & 0.86 & 0.85 \\,
,CNN_20220816-1126,20220816-1145,cnn_tuning,SCAR_NLP,CNN,surv_mo_60,ppv4,rand,GoogleNews-vectors-negative300.txt,300.0,300.0,,,,500.0,0.0,,,,,,,False,100.0,0.0001,5.0,loss_weight,0.8351648449897766,0.8346313238143921,0.9090929627418518,0.8520233631134033,0.83868408203125,0.865793764591217,0.8305785059928894,0.8657937806873978,0.798014888337469,2116.0,1608.0,328.0,407.0,CNN & 0.84 & 0.83 & 0.91 & 0.85 & 0.87 & 0.84 \\,
,CNN_20220816-1146,20220816-1156,cnn_tuning,SCAR_NLP,CNN,surv_mo_60,ppv4,rand,GoogleNews-vectors-negative300.txt,300.0,300.0,,,,500.0,0.0,,,,,,,False,100.0,0.001,5.0,loss_weight,0.8275398015975952,0.8256099224090576,0.9010518789291382,0.8464763164520264,0.8402695059776306,0.852775514125824,0.8109503984451294,0.8527755430410298,0.7957425240750127,2120.0,1570.0,366.0,403.0,CNN & 0.83 & 0.83 & 0.9 & 0.85 & 0.85 & 0.84 \\,
,CNN_20220816-1156,20220816-1326,cnn_tuning,SCAR_NLP,CNN,surv_mo_60,ppv4,rand,GoogleNews-vectors-negative300.txt,300.0,300.0,,,,500.0,0.0,,,,,,,False,100.0,1e-05,5.0,loss_weight,0.8367347121238708,0.8330141305923462,0.9063800573349,0.8565234541893005,0.8612762689590454,0.8518227934837341,0.8047520518302917,0.8518228145825166,0.8165618448637316,2173.0,1558.0,378.0,350.0,CNN & 0.84 & 0.83 & 0.91 & 0.86 & 0.85 & 0.86 \\,
,CNN_20220816-1326,20220816-1354,cnn_tuning,SCAR_NLP,CNN,surv_mo_60,ppv4,rand,GoogleNews-vectors-negative300.txt,300.0,300.0,,,,500.0,0.0,,,,,,,False,100.0,5e-05,5.0,loss_weight,0.8371832370758057,0.8344920873641968,0.9084869623184204,0.8559523224830627,0.854934573173523,0.8569725751876831,0.8140496015548706,0.8569725864123957,0.811534500514933,2157.0,1576.0,360.0,366.0,CNN & 0.84 & 0.83 & 0.91 & 0.86 & 0.86 & 0.85 \\,
,CNN_20220816-1354,20220816-1413,cnn_tuning,SCAR_NLP,CNN,surv_mo_60,ppv4,rand,GoogleNews-vectors-negative300.txt,300.0,300.0,,,,500.0,0.0,,,,,,,False,100.0,0.0001,5.0,loss_weight,0.8326979279518127,0.8329320549964905,0.9090186357498168,0.848987877368927,0.831153392791748,0.8676044940948486,0.8347107172012329,0.8676044683491932,0.791380999020568,2097.0,1616.0,320.0,426.0,CNN & 0.83 & 0.83 & 0.91 & 0.85 & 0.87 & 0.83 \\,
,CNN_20220816-1413,20220816-1423,cnn_tuning,SCAR_NLP,CNN,surv_mo_60,ppv4,rand,GoogleNews-vectors-negative300.txt,300.0,300.0,,,,500.0,0.0,,,,,,,False,100.0,0.001,5.0,loss_weight,0.8178963661193848,0.8218953609466553,0.902670443058014,0.8310445547103882,0.7915180325508118,0.8747262358665466,0.8522727489471436,0.8747262374069207,0.7582720588235294,1997.0,1650.0,286.0,526.0,CNN & 0.82 & 0.82 & 0.9 & 0.83 & 0.87 & 0.79 \\,
,CNN_20220816-1423,20220816-1517,cnn_tuning,SCAR_NLP,CNN,surv_mo_60,ppv4,rand,GoogleNews-vectors-negative300.txt,300.0,300.0,,,,500.0,0.0,,,,,,,False,100.0,1e-05,5.0,loss_weight,0.8282126188278198,0.8259641528129578,0.8985992074012756,0.8474103212356567,0.8430439829826355,0.8518221974372864,0.80888432264328,0.8518221866239487,0.7981651376146789,2127.0,1566.0,370.0,396.0,CNN & 0.83 & 0.83 & 0.9 & 0.85 & 0.85 & 0.84 \\,
,CNN_20220816-1517,20220816-1552,cnn_tuning,SCAR_NLP,CNN,surv_mo_60,ppv4,rand,GoogleNews-vectors-negative300.txt,300.0,300.0,,,,500.0,0.0,,,,,,,False,100.0,5e-05,5.0,loss_weight,0.8394258618354797,0.8367742896080017,0.910142421722412,0.8579365611076355,0.8569163680076599,0.8589590787887573,0.8166322112083435,0.8589590782677791,0.814109165808445,2162.0,1581.0,355.0,361.0,CNN & 0.84 & 0.84 & 0.91 & 0.86 & 0.86 & 0.86 \\,
,CNN_20220816-1552,20220816-1611,cnn_tuning,SCAR_NLP,CNN,surv_mo_60,ppv4,rand,GoogleNews-vectors-negative300.txt,300.0,300.0,,,,500.0,0.0,,,,,,,False,100.0,0.0001,5.0,loss_weight,0.8329221606254578,0.8310872316360474,0.908734917640686,0.8512676954269409,0.8450257778167725,0.857602596282959,0.817148745059967,0.8576025744167337,0.8018246325392803,2132.0,1582.0,354.0,391.0,CNN & 0.83 & 0.83 & 0.91 & 0.85 & 0.86 & 0.85 \\,
,CNN_20220816-1611,20220816-1620,cnn_tuning,SCAR_NLP,CNN,surv_mo_60,ppv4,rand,GoogleNews-vectors-negative300.txt,300.0,300.0,,,,500.0,0.0,,,,,,,False,100.0,0.001,5.0,loss_weight,0.8122897744178772,0.8175418376922607,0.8980011940002441,0.8241966366767883,0.7776456475257874,0.8766756057739258,0.8574380278587341,0.8766756032171582,0.7474110760918505,1962.0,1660.0,276.0,561.0,CNN & 0.81 & 0.82 & 0.9 & 0.82 & 0.88 & 0.78 \\,
,CNN_20220816-1620,20220816-1713,cnn_tuning,SCAR_NLP,CNN,surv_mo_60,ppv4,rand,GoogleNews-vectors-negative300.txt,300.0,300.0,,,,500.0,0.0,,,,,,,False,100.0,1e-05,5.0,loss_weight,0.8284368515014648,0.8261022567749023,0.8978597521781921,0.8477005958557129,0.8438367247581482,0.8515999913215637,0.8083677887916565,0.8516,0.7988769780500256,2129.0,1565.0,371.0,394.0,CNN & 0.83 & 0.83 & 0.9 & 0.85 & 0.85 & 0.84 \\,
,CNN_20220816-1713,20220816-1734,cnn_tuning,SCAR_NLP,CNN,surv_mo_60,ppv4,rand,GoogleNews-vectors-negative300.txt,300.0,300.0,,,,500.0,0.0,,,,,,,False,100.0,5e-05,5.0,loss_weight,0.8302310109138489,0.8265459537506104,0.9024474024772644,0.8506609201431274,0.8545382618904114,0.8468185663223267,0.7985537052154541,0.8468185388845247,0.8081547307893361,2156.0,1546.0,390.0,367.0,CNN & 0.83 & 0.83 & 0.9 & 0.85 & 0.85 & 0.85 \\,
,CNN_20220816-1735,20220816-1753,cnn_tuning,SCAR_NLP,CNN,surv_mo_60,ppv4,rand,GoogleNews-vectors-negative300.txt,300.0,300.0,,,,500.0,0.0,,,,,,,False,100.0,0.0001,5.0,loss_weight,0.8335949778556824,0.8324028253555298,0.9073840975761414,0.8512430191040039,0.8414585590362549,0.8612576127052307,0.8233470916748047,0.8612576064908722,0.7993981945837513,2123.0,1594.0,342.0,400.0,CNN & 0.83 & 0.83 & 0.91 & 0.85 & 0.86 & 0.84 \\,
,CNN_20220816-1753,20220816-1803,cnn_tuning,SCAR_NLP,CNN,surv_mo_60,ppv4,rand,GoogleNews-vectors-negative300.txt,300.0,300.0,,,,500.0,0.0,,,,,,,False,100.0,0.001,5.0,loss_weight,0.8293339610099792,0.8262940645217896,0.9018971920013428,0.8492173552513123,0.849385678768158,0.8490491509437561,0.8032024502754211,0.8490491283676703,0.8036175710594315,2143.0,1555.0,381.0,380.0,CNN & 0.83 & 0.83 & 0.9 & 0.85 & 0.85 & 0.85 \\,
,CNN_20220816-1803,20220816-1855,cnn_tuning,SCAR_NLP,CNN,surv_mo_60,ppv4,rand,GoogleNews-vectors-negative300.txt,300.0,300.0,,,,500.0,0.0,,,,,,,False,100.0,1e-05,5.0,loss_weight,0.8331464529037476,0.8297832012176514,0.9048342704772948,0.852964460849762,0.8553309440612793,0.8506109714508057,0.8042355179786682,0.8506109578242018,0.8100936524453695,2158.0,1557.0,379.0,365.0,CNN & 0.83 & 0.83 & 0.9 & 0.85 & 0.85 & 0.86 \\,
,CNN_20220816-1855,20220816-1914,cnn_tuning,SCAR_NLP,CNN,surv_mo_60,ppv4,rand,GoogleNews-vectors-negative300.txt,300.0,300.0,,,,500.0,0.0,,,,,,,False,100.0,5e-05,5.0,loss_weight,0.832473635673523,0.8312917947769165,0.9058879613876344,0.8502106070518494,0.8402695059776306,0.8603895902633667,0.8223140239715576,0.8603896103896104,0.7979949874686717,2120.0,1592.0,344.0,403.0,CNN & 0.83 & 0.83 & 0.91 & 0.85 & 0.86 & 0.84 \\,
,CNN_20220816-1914,20220816-1930,cnn_tuning,SCAR_NLP,CNN,surv_mo_60,ppv4,rand,GoogleNews-vectors-negative300.txt,300.0,300.0,,,,500.0,0.0,,,,,,,False,100.0,0.0001,5.0,loss_weight,0.8340435028076172,0.8324987888336182,0.9061100482940674,0.8519999980926514,0.8442330360412598,0.8599112033843994,0.8207644820213318,0.8599111828825192,0.801715438950555,2130.0,1589.0,347.0,393.0,CNN & 0.83 & 0.83 & 0.91 & 0.85 & 0.86 & 0.84 \\,
,CNN_20220816-1930,20220816-1938,cnn_tuning,SCAR_NLP,CNN,surv_mo_60,ppv4,rand,GoogleNews-vectors-negative300.txt,300.0,300.0,,,,500.0,0.0,,,,,,,False,100.0,0.001,5.0,loss_weight,0.8268669843673706,0.8248351812362671,0.9026173949241638,0.8459696173667908,0.8402695059776306,0.8517476916313171,0.8094007968902588,0.8517476898352752,0.7954314720812182,2120.0,1567.0,369.0,403.0,CNN & 0.83 & 0.82 & 0.9 & 0.85 & 0.85 & 0.84 \\,
,CNN_20220816-1938,20220816-2056,cnn_tuning,SCAR_NLP,CNN,surv_mo_60,ppv4,rand,GoogleNews-vectors-negative300.txt,300.0,300.0,,,,500.0,0.0,,,,,,,False,100.0,1e-05,5.0,loss_weight,0.834492027759552,0.8310924768447876,0.9026384353637696,0.8542078733444214,0.8569163680076599,0.8515163660049438,0.8052685856819153,0.8515163450177236,0.8119791666666667,2162.0,1559.0,377.0,361.0,CNN & 0.83 & 0.83 & 0.9 & 0.85 & 0.85 & 0.86 \\,
,CNN_20220816-2056,20220816-2128,cnn_tuning,SCAR_NLP,CNN,surv_mo_60,ppv4,rand,GoogleNews-vectors-negative300.txt,300.0,300.0,,,,500.0,0.0,,,,,,,False,100.0,5e-05,5.0,loss_weight,0.8389773368835449,0.8367384672164917,0.907921314239502,0.8571428656578064,0.8537455201148987,0.8605673313140869,0.8197314143180847,0.8605673192169396,0.8113496932515337,2154.0,1587.0,349.0,369.0,CNN & 0.84 & 0.84 & 0.91 & 0.86 & 0.86 & 0.85 \\,
,CNN_20220816-2128,20220816-2144,cnn_tuning,SCAR_NLP,CNN,surv_mo_60,ppv4,rand,GoogleNews-vectors-negative300.txt,300.0,300.0,,,,500.0,0.0,,,,,,,False,100.0,0.0001,5.0,loss_weight,0.8351648449897766,0.83282870054245,0.903662919998169,0.8537895679473877,0.8505747318267822,0.8570287823677063,0.8150826692581177,0.8570287539936102,0.8071611253196931,2146.0,1578.0,358.0,377.0,CNN & 0.84 & 0.83 & 0.9 & 0.85 & 0.86 & 0.85 \\,
,CNN_20220816-2144,20220816-2153,cnn_tuning,SCAR_NLP,CNN,surv_mo_60,ppv4,rand,GoogleNews-vectors-negative300.txt,300.0,300.0,,,,500.0,0.0,,,,,,,False,100.0,0.001,5.0,loss_weight,0.8217089176177979,0.8222600221633911,0.8954914808273315,0.8385131359100342,0.8180737495422363,0.8600000143051147,0.8264462947845459,0.86,0.7770762506070908,2064.0,1600.0,336.0,459.0,CNN & 0.82 & 0.82 & 0.9 & 0.84 & 0.86 & 0.82 \\,
,CNN_20220816-2154,20220816-2246,cnn_tuning,SCAR_NLP,CNN,surv_mo_60,ppv4,rand,GoogleNews-vectors-negative300.txt,300.0,300.0,,,,500.0,0.0,,,,,,,False,100.0,1e-05,5.0,loss_weight,0.8217089176177979,0.819075345993042,0.8906829357147217,0.8419168591499329,0.8390804529190063,0.8447725176811218,0.7990702390670776,0.8447725458898643,0.7921146953405018,2117.0,1547.0,389.0,406.0,CNN & 0.82 & 0.82 & 0.89 & 0.84 & 0.84 & 0.84 \\,
,CNN_20220816-2246,20220816-2320,cnn_tuning,SCAR_NLP,CNN,surv_mo_60,ppv4,rand,GoogleNews-vectors-negative300.txt,300.0,300.0,,,,500.0,0.0,,,,,,,False,100.0,5e-05,5.0,loss_weight,0.8367347121238708,0.8324133157730103,0.9072275757789612,0.8570868372917175,0.8652397990226746,0.8490859866142273,0.7995867729187012,0.8490859587709063,0.8199152542372882,2183.0,1548.0,388.0,340.0,CNN & 0.84 & 0.83 & 0.91 & 0.86 & 0.85 & 0.87 \\,
,CNN_20220816-2320,20220816-2339,cnn_tuning,SCAR_NLP,CNN,surv_mo_60,ppv4,rand,GoogleNews-vectors-negative300.txt,300.0,300.0,,,,500.0,0.0,,,,,,,False,100.0,0.0001,5.0,loss_weight,0.8385288119316101,0.8360416889190674,0.904678225517273,0.8569725751876831,0.854934573173523,0.8590202927589417,0.817148745059967,0.8590203106332138,0.8121149897330595,2157.0,1582.0,354.0,366.0,CNN & 0.84 & 0.84 & 0.9 & 0.86 & 0.86 & 0.85 \\,
,CNN_20220816-2339,20220816-2349,cnn_tuning,SCAR_NLP,CNN,surv_mo_60,ppv4,rand,GoogleNews-vectors-negative300.txt,300.0,300.0,,,,500.0,0.0,,,,,,,False,100.0,0.001,5.0,loss_weight,0.821260392665863,0.8187991380691528,0.8916293382644653,0.8413298726081848,0.8374950289726257,0.8452000021934509,0.8001033067703247,0.8452,0.7907095456865748,2113.0,1549.0,387.0,410.0,CNN & 0.82 & 0.82 & 0.89 & 0.84 & 0.85 & 0.84 \\,
,CNN_20220817-0921,20220817-0957,cnn_tuning,SCAR_NLP,CNN,surv_mo_60,ppv4,rand,GoogleNews-vectors-negative300.txt,300.0,300.0,,,,500.0,0.0,,,,,,,False,100.0,3e-05,5.0,loss_weight,0.8367347121238708,0.835658073425293,0.9065197110176086,0.8539911508560181,0.8438367247581482,0.8643929958343506,0.827479362487793,0.8643930166463663,0.8026052104208417,2129.0,1602.0,334.0,394.0,CNN & 0.84 & 0.84 & 0.91 & 0.85 & 0.86 & 0.84 \\,
,CNN_20220817-0957,20220817-1026,cnn_tuning,SCAR_NLP,CNN,surv_mo_60,ppv4,rand,GoogleNews-vectors-negative300.txt,300.0,300.0,,,,500.0,0.0,,,,,,,False,100.0,4e-05,5.0,loss_weight,0.836510419845581,0.8346787095069885,0.9064320921897888,0.8545200824737549,0.8485929369926453,0.8605305552482605,0.8207644820213318,0.8605305466237942,0.8061897513952309,2141.0,1589.0,347.0,382.0,CNN & 0.84 & 0.83 & 0.91 & 0.85 & 0.86 & 0.85 \\,
,CNN_20220817-1026,20220817-1055,cnn_tuning,SCAR_NLP,CNN,surv_mo_60,ppv4,rand,GoogleNews-vectors-negative300.txt,300.0,300.0,,,,500.0,0.0,,,,,,,False,100.0,5e-05,5.0,loss_weight,0.836286187171936,0.8333989381790161,0.9076971411705016,0.8553309440612793,0.8553309440612793,0.8553309440612793,0.8114669322967529,0.8553309552120492,0.8114669421487604,2158.0,1571.0,365.0,365.0,CNN & 0.84 & 0.83 & 0.91 & 0.86 & 0.86 & 0.86 \\,
,CNN_20220817-1055,20220817-1117,cnn_tuning,SCAR_NLP,CNN,surv_mo_60,ppv4,rand,GoogleNews-vectors-negative300.txt,300.0,300.0,,,,500.0,0.0,,,,,,,False,100.0,6e-05,5.0,loss_weight,0.8369589447975159,0.8333325386047363,0.9066671133041382,0.8566358089447021,0.8608798980712891,0.8524332642555237,0.8057851195335388,0.8524332810047096,0.8163265306122449,2172.0,1560.0,376.0,351.0,CNN & 0.84 & 0.83 & 0.91 & 0.86 & 0.85 & 0.86 \\,
,CNN_20220817-1117,20220817-1143,cnn_tuning,SCAR_NLP,CNN,surv_mo_60,ppv4,rand,GoogleNews-vectors-negative300.txt,300.0,300.0,,,,500.0,0.0,,,,,,,False,100.0,7e-05,5.0,loss_weight,0.8360618948936462,0.8344626426696777,0.908572793006897,0.8538877367973328,0.8466112017631531,0.8612903356552124,0.8223140239715576,0.8612903225806452,0.8044466902475998,2136.0,1592.0,344.0,387.0,CNN & 0.84 & 0.83 & 0.91 & 0.85 & 0.86 & 0.85 \\,
,CNN_20220817-1143,20220817-1214,cnn_tuning,SCAR_NLP,CNN,surv_mo_60,ppv4,rand,GoogleNews-vectors-negative300.txt,300.0,300.0,,,,500.0,0.0,,,,,,,False,100.0,3e-05,5.0,loss_weight,0.832473635673523,0.8327338695526123,0.905272901058197,0.8487548232078552,0.8307570219039917,0.8675496578216553,0.8347107172012329,0.8675496688741722,0.7909936368086148,2096.0,1616.0,320.0,427.0,CNN & 0.83 & 0.83 & 0.91 & 0.85 & 0.87 & 0.83 \\,
,CNN_20220817-1214,20220817-1248,cnn_tuning,SCAR_NLP,CNN,surv_mo_60,ppv4,rand,GoogleNews-vectors-negative300.txt,300.0,300.0,,,,500.0,0.0,,,,,,,False,100.0,4e-05,5.0,loss_weight,0.8338192701339722,0.8346439599990845,0.907727599143982,0.8494207859039307,0.8283789157867432,0.8715596199035645,0.8409090638160706,0.8715596330275229,0.7899078117418729,2090.0,1628.0,308.0,433.0,CNN & 0.83 & 0.83 & 0.91 & 0.85 & 0.87 & 0.83 \\,
,CNN_20220817-1248,20220817-1318,cnn_tuning,SCAR_NLP,CNN,surv_mo_60,ppv4,rand,GoogleNews-vectors-negative300.txt,300.0,300.0,,,,500.0,0.0,,,,,,,False,100.0,5e-05,5.0,loss_weight,0.8398743867874146,0.838853120803833,0.9086915254592896,0.8567990660667419,0.8466112017631531,0.8672350645065308,0.8310950398445129,0.8672350791717418,0.8061122244488977,2136.0,1609.0,327.0,387.0,CNN & 0.84 & 0.84 & 0.91 & 0.86 & 0.87 & 0.85 \\,
,CNN_20220817-1318,20220817-1339,cnn_tuning,SCAR_NLP,CNN,surv_mo_60,ppv4,rand,GoogleNews-vectors-negative300.txt,300.0,300.0,,,,500.0,0.0,,,,,,,False,100.0,6e-05,5.0,loss_weight,0.8331464529037476,0.8303841352462769,0.9058029651641846,0.8523809313774109,0.8513674139976501,0.8533968925476074,0.8094007968902588,0.8533969010727056,0.8069001029866117,2148.0,1567.0,369.0,375.0,CNN & 0.83 & 0.83 & 0.91 & 0.85 & 0.85 & 0.85 \\,
,CNN_20220817-1339,20220817-1404,cnn_tuning,SCAR_NLP,CNN,surv_mo_60,ppv4,rand,GoogleNews-vectors-negative300.txt,300.0,300.0,,,,500.0,0.0,,,,,,,False,100.0,7e-05,5.0,loss_weight,0.8398743867874146,0.8366298675537109,0.9097754955291748,0.8588933348655701,0.8612762689590454,0.8565234541893005,0.8119834661483765,0.8565234528971226,0.81789802289282,2173.0,1572.0,364.0,350.0,CNN & 0.84 & 0.84 & 0.91 & 0.86 & 0.86 & 0.86 \\,
,CNN_20220817-1404,20220817-1456,cnn_tuning,SCAR_NLP,CNN,surv_mo_60,ppv4,rand,GoogleNews-vectors-negative300.txt,300.0,300.0,,,,500.0,0.0,,,,,,,False,100.0,3e-05,5.0,loss_weight,0.8367347121238708,0.8327738046646118,0.9071404933929444,0.8567492961883545,0.862861692905426,0.8507229089736938,0.8026859760284424,0.8507229386479094,0.8178947368421052,2177.0,1554.0,382.0,346.0,CNN & 0.84 & 0.83 & 0.91 & 0.86 & 0.85 & 0.86 \\,
,CNN_20220817-1456,20220817-1531,cnn_tuning,SCAR_NLP,CNN,surv_mo_60,ppv4,rand,GoogleNews-vectors-negative300.txt,300.0,300.0,,,,500.0,0.0,,,,,,,False,100.0,4e-05,5.0,loss_weight,0.8385288119316101,0.8357412815093994,0.9093970060348512,0.8572561740875244,0.8569163680076599,0.857596218585968,0.8145661354064941,0.8575961919873066,0.8137254901960784,2162.0,1577.0,359.0,361.0,CNN & 0.84 & 0.84 & 0.91 & 0.86 & 0.86 & 0.86 \\,
,CNN_20220817-1531,20220817-1608,cnn_tuning,SCAR_NLP,CNN,surv_mo_60,ppv4,rand,GoogleNews-vectors-negative300.txt,300.0,300.0,,,,500.0,0.0,,,,,,,False,100.0,5e-05,5.0,loss_weight,0.8369589447975159,0.8340535759925842,0.9089570045471193,0.855954110622406,0.856123685836792,0.8557844758033752,0.8119834661483765,0.8557844690966719,0.8124031007751938,2160.0,1572.0,364.0,363.0,CNN & 0.84 & 0.83 & 0.91 & 0.86 & 0.86 & 0.86 \\,
,CNN_20220817-1608,20220817-1632,cnn_tuning,SCAR_NLP,CNN,surv_mo_60,ppv4,rand,GoogleNews-vectors-negative300.txt,300.0,300.0,,,,500.0,0.0,,,,,,,False,100.0,6e-05,5.0,loss_weight,0.8347163200378418,0.8330332040786743,0.907799243927002,0.8527472615242004,0.8458184599876404,0.8597905039787292,0.8202479481697083,0.8597904915390814,0.8032372281234194,2134.0,1588.0,348.0,389.0,CNN & 0.83 & 0.83 & 0.91 & 0.85 & 0.86 & 0.85 \\,
,CNN_20220817-1632,20220817-1654,cnn_tuning,SCAR_NLP,CNN,surv_mo_60,ppv4,rand,GoogleNews-vectors-negative300.txt,300.0,300.0,,,,500.0,0.0,,,,,,,False,100.0,7e-05,5.0,loss_weight,0.8369589447975159,0.8330320715904236,0.9075987339019777,0.8569178581237793,0.862861692905426,0.8510555028915405,0.8032024502754211,0.8510555121188429,0.8179905312993162,2177.0,1555.0,381.0,346.0,CNN & 0.84 & 0.83 & 0.91 & 0.86 & 0.85 & 0.86 \\,
,CNN_20220817-1654,20220817-1738,cnn_tuning,SCAR_NLP,CNN,surv_mo_60,ppv4,rand,GoogleNews-vectors-negative300.txt,300.0,300.0,,,,500.0,0.0,,,,,,,False,100.0,3e-05,5.0,loss_weight,0.8367347121238708,0.835417628288269,0.9098573923110962,0.8542250990867615,0.845422089099884,0.863213300704956,0.8254132270812988,0.8632132739781465,0.8038229376257545,2133.0,1598.0,338.0,390.0,CNN & 0.84 & 0.84 & 0.91 & 0.85 & 0.86 & 0.85 \\,
,CNN_20220817-1739,20220817-1808,cnn_tuning,SCAR_NLP,CNN,surv_mo_60,ppv4,rand,GoogleNews-vectors-negative300.txt,300.0,300.0,,,,500.0,0.0,,,,,,,False,100.0,4e-05,5.0,loss_weight,0.8353890776634216,0.8351900577545166,0.9068896770477296,0.8518967032432556,0.8367023468017578,0.8676531314849854,0.8336777091026306,0.8676531031648171,0.7966436327739388,2111.0,1614.0,322.0,412.0,CNN & 0.84 & 0.84 & 0.91 & 0.85 & 0.87 & 0.84 \\,
,CNN_20220817-1808,20220817-1835,cnn_tuning,SCAR_NLP,CNN,surv_mo_60,ppv4,rand,GoogleNews-vectors-negative300.txt,300.0,300.0,,,,500.0,0.0,,,,,,,False,100.0,5e-05,5.0,loss_weight,0.8360618948936462,0.8339217901229858,0.9063352346420288,0.8544114232063293,0.8501783609390259,0.8586869239807129,0.8176652789115906,0.8586869495596477,0.8072412034676185,2145.0,1583.0,353.0,378.0,CNN & 0.84 & 0.83 & 0.91 & 0.85 & 0.86 & 0.85 \\,
,CNN_20220817-1835,20220817-1902,cnn_tuning,SCAR_NLP,CNN,surv_mo_60,ppv4,rand,GoogleNews-vectors-negative300.txt,300.0,300.0,,,,500.0,0.0,,,,,,,False,100.0,6e-05,5.0,loss_weight,0.8326979279518127,0.8313697576522827,0.907601535320282,0.8505608439445496,0.8414585590362549,0.8598622679710388,0.8212810158729553,0.8598622924260835,0.7989949748743719,2123.0,1590.0,346.0,400.0,CNN & 0.83 & 0.83 & 0.91 & 0.85 & 0.86 & 0.84 \\,
,CNN_20220817-1902,20220817-1927,cnn_tuning,SCAR_NLP,CNN,surv_mo_60,ppv4,rand,GoogleNews-vectors-negative300.txt,300.0,300.0,,,,500.0,0.0,,,,,,,False,100.0,7e-05,5.0,loss_weight,0.8351648449897766,0.8322278261184692,0.9077050685882568,0.8543689250946045,0.8545382618904114,0.8541997075080872,0.8099173307418823,0.8541996830427893,0.8103359173126615,2156.0,1568.0,368.0,367.0,CNN & 0.84 & 0.83 & 0.91 & 0.85 & 0.85 & 0.85 \\,
,CNN_20220817-1927,20220817-2005,cnn_tuning,SCAR_NLP,CNN,surv_mo_60,ppv4,rand,GoogleNews-vectors-negative300.txt,300.0,300.0,,,,500.0,0.0,,,,,,,False,100.0,3e-05,5.0,loss_weight,0.834492027759552,0.8321139812469482,0.9059771299362184,0.8532220125198364,0.8501783609390259,0.85628741979599,0.8140496015548706,0.8562874251497006,0.8065506653019447,2145.0,1576.0,360.0,378.0,CNN & 0.83 & 0.83 & 0.91 & 0.85 & 0.86 & 0.85 \\,
,CNN_20220817-2005,20220817-2032,cnn_tuning,SCAR_NLP,CNN,surv_mo_60,ppv4,rand,GoogleNews-vectors-negative300.txt,300.0,300.0,,,,500.0,0.0,,,,,,,False,100.0,4e-05,5.0,loss_weight,0.8333706855773926,0.8305822610855103,0.904499650001526,0.8526086211204529,0.8517637848854065,0.853455126285553,0.8094007968902588,0.8534551231135822,0.8073158165893869,2149.0,1567.0,369.0,374.0,CNN & 0.83 & 0.83 & 0.9 & 0.85 & 0.85 & 0.85 \\,
,CNN_20220817-2033,20220817-2102,cnn_tuning,SCAR_NLP,CNN,surv_mo_60,ppv4,rand,GoogleNews-vectors-negative300.txt,300.0,300.0,,,,500.0,0.0,,,,,,,False,100.0,5e-05,5.0,loss_weight,0.8383045792579651,0.837405800819397,0.9083641171455384,0.8552499413490295,0.8442330360412598,0.8665581941604614,0.8305785059928894,0.8665581773799838,0.8035982008995503,2130.0,1608.0,328.0,393.0,CNN & 0.84 & 0.84 & 0.91 & 0.86 & 0.87 & 0.84 \\,
,CNN_20220817-2102,20220817-2131,cnn_tuning,SCAR_NLP,CNN,surv_mo_60,ppv4,rand,GoogleNews-vectors-negative300.txt,300.0,300.0,,,,500.0,0.0,,,,,,,False,100.0,6e-05,5.0,loss_weight,0.8374074697494507,0.832707405090332,0.90908682346344,0.8580380082130432,0.8684106469154358,0.8479102253913879,0.7970041036605835,0.8479102167182663,0.8229333333333333,2191.0,1543.0,393.0,332.0,CNN & 0.84 & 0.83 & 0.91 & 0.86 & 0.85 & 0.87 \\,
,CNN_20220817-2131,20220817-2150,cnn_tuning,SCAR_NLP,CNN,surv_mo_60,ppv4,rand,GoogleNews-vectors-negative300.txt,300.0,300.0,,,,500.0,0.0,,,,,,,False,100.0,7e-05,5.0,loss_weight,0.8329221606254578,0.8318684101104736,0.9047576189041138,0.8504916429519653,0.839873194694519,0.8613821268081665,0.8238636255264282,0.8613821138211382,0.7978989494747374,2119.0,1595.0,341.0,404.0,CNN & 0.83 & 0.83 & 0.9 & 0.85 & 0.86 & 0.84 \\,
,CNN_20220818-1135,20220818-1207,cnn_tuning,SCAR_NLP,CNN,surv_mo_60,ppv4,rand,GoogleNews-vectors-negative300.txt,300.0,300.0,,,,500.0,0.0,,,,,,,False,100.0,5e-05,5.0,loss_weight,0.8423413038253784,0.8392304182052612,0.909670889377594,0.8609848022460938,0.862861692905426,0.8591160178184509,0.8155992031097412,0.8591160220994475,0.8202597402597402,2177.0,1579.0,357.0,346.0,CNN & 0.84 & 0.84 & 0.91 & 0.86 & 0.86 & 0.86 \\,
,CNN_20220818-1207,20220818-1216,cnn_tuning,SCAR_NLP,CNN,surv_mo_60,ppv4,rand,GoogleNews-vectors-negative300.txt,300.0,300.0,,,,500.0,0.1,,,,,,,False,100.0,5e-05,5.0,loss_weight,0.6331015825271606,0.6663490533828735,0.8089991807937622,0.5606874227523804,0.4137931168079376,0.8692756295204163,0.9189049601554872,0.8692756036636137,0.5460405156537753,1044.0,1779.0,157.0,1479.0,CNN & 0.63 & 0.67 & 0.81 & 0.56 & 0.87 & 0.41 \\,
,CNN_20220818-1216,20220818-1225,cnn_tuning,SCAR_NLP,CNN,surv_mo_60,ppv4,rand,GoogleNews-vectors-negative300.txt,300.0,300.0,,,,500.0,0.01,,,,,,,False,100.0,5e-05,5.0,loss_weight,0.759138822555542,0.7548309564590454,0.841248631477356,0.7872424721717834,0.7875545024871826,0.7869306802749634,0.7221074104309082,0.786930693069307,0.7228541882109617,1987.0,1398.0,538.0,536.0,CNN & 0.76 & 0.75 & 0.84 & 0.79 & 0.79 & 0.79 \\,
,CNN_20220818-1226,20220818-1301,cnn_tuning,SCAR_NLP,CNN,surv_mo_60,ppv4,rand,GoogleNews-vectors-negative300.txt,300.0,300.0,,,,500.0,0.001,,,,,,,False,100.0,5e-05,5.0,loss_weight,0.8078044652938843,0.8058871030807495,0.8850359916687012,0.828497052192688,0.8204518556594849,0.8367016911506653,0.7913222908973694,0.8367016976556184,0.7717884130982368,2070.0,1532.0,404.0,453.0,CNN & 0.81 & 0.81 & 0.89 & 0.83 & 0.84 & 0.82 \\,
,CNN_20220818-1301,20220818-1336,cnn_tuning,SCAR_NLP,CNN,surv_mo_60,ppv4,rand,GoogleNews-vectors-negative300.txt,300.0,300.0,,,,500.0,0.0001,,,,,,,False,100.0,5e-05,5.0,loss_weight,0.8311280608177185,0.8264373540878296,0.9043372869491576,0.8524397611618042,0.8620689511299133,0.8430232405662537,0.7908057570457458,0.8430232558139535,0.8147951037786056,2175.0,1531.0,405.0,348.0,CNN & 0.83 & 0.83 & 0.9 & 0.85 & 0.84 & 0.86 \\,
,CNN_20220818-1338,20220818-1347,cnn_tuning,SCAR_NLP,CNN,surv_mo_60,ppv4,rand,GoogleNews-vectors-negative300.txt,300.0,300.0,,,,500.0,0.01,,,,,,,False,100.0,5e-05,5.0,loss_weight,0.7777528762817383,0.7645498514175415,0.8511600494384766,0.8149393200874329,0.8648434281349182,0.770480215549469,0.66425621509552,0.7704802259887006,0.7904118008604795,2182.0,1286.0,650.0,341.0,CNN & 0.78 & 0.76 & 0.85 & 0.81 & 0.77 & 0.86 \\,
,CNN_20220818-1347,20220818-1415,cnn_tuning,SCAR_NLP,CNN,surv_mo_60,ppv4,rand,GoogleNews-vectors-negative300.txt,300.0,300.0,,,,500.0,0.001,,,,,,,False,100.0,5e-05,5.0,loss_weight,0.8104956150054932,0.8134928345680237,0.892443060874939,0.8252326846122742,0.7907253503799438,0.862889289855957,0.8362603187561035,0.8628892733564014,0.7540754541220307,1995.0,1619.0,317.0,528.0,CNN & 0.81 & 0.81 & 0.89 & 0.83 & 0.86 & 0.79 \\,
,CNN_20220818-1415,20220818-1434,cnn_tuning,SCAR_NLP,CNN,surv_mo_60,ppv4,rand,GoogleNews-vectors-negative300.txt,300.0,300.0,,,,500.0,0.0,,,,,,,False,100.0,5e-05,5.0,loss_weight,0.8340435028076172,0.832258403301239,0.9067037105560304,0.8522363901138306,0.8458184599876404,0.8587524890899658,0.8186983466148376,0.8587525150905433,0.8029381965552178,2134.0,1585.0,351.0,389.0,CNN & 0.83 & 0.83 & 0.91 & 0.85 & 0.86 & 0.85 \\,
,CNN_20220818-1434,20220818-1444,cnn_tuning,SCAR_NLP,CNN,surv_mo_60,ppv4,rand,GoogleNews-vectors-negative300.txt,300.0,300.0,,,,500.0,0.01,,,,,,,False,100.0,5e-05,5.0,loss_weight,0.7779771089553833,0.7648681402206421,0.8523248434066772,0.8150224089622498,0.8644470572471619,0.770943820476532,0.6652892827987671,0.7709437963944857,0.7901840490797546,2181.0,1288.0,648.0,342.0,CNN & 0.78 & 0.76 & 0.85 & 0.82 & 0.77 & 0.86 \\,
,CNN_20220818-1444,20220818-1510,cnn_tuning,SCAR_NLP,CNN,surv_mo_60,ppv4,rand,GoogleNews-vectors-negative300.txt,300.0,300.0,,,,500.0,0.001,,,,,,,False,100.0,5e-05,5.0,loss_weight,0.8075801730155945,0.8116976618766785,0.8938556909561157,0.8211009502410889,0.7804201245307922,0.866256058216095,0.8429751992225647,0.8662560492740871,0.7465690759377859,1969.0,1632.0,304.0,554.0,CNN & 0.81 & 0.81 & 0.89 & 0.82 & 0.87 & 0.78 \\,
,CNN_20220818-1511,20220818-1530,cnn_tuning,SCAR_NLP,CNN,surv_mo_60,ppv4,rand,GoogleNews-vectors-negative300.txt,300.0,300.0,,,,500.0,0.0,,,,,,,False,100.0,5e-05,5.0,loss_weight,0.8353890776634216,0.835730791091919,0.90602445602417,0.8513568043708801,0.8331351280212402,0.8703933954238892,0.8383264541625977,0.8703933747412008,0.7940313111545988,2102.0,1623.0,313.0,421.0,CNN & 0.84 & 0.84 & 0.91 & 0.85 & 0.87 & 0.83 \\,
,CNN_20220818-1655,20220818-1706,cnn_tuning,SCAR_NLP,CNN,surv_mo_60,ppv4,rand,GoogleNews-vectors-negative300.txt,300.0,300.0,0.2,,,500.0,0.01,,,,,,,False,100.0,5e-05,5.0,loss_weight,0.7627270817756653,0.7599847316741943,0.8431813716888428,0.7883154153823853,0.7808164954185486,0.7959595918655396,0.7391529083251953,0.795959595959596,0.7212701612903226,1970.0,1431.0,505.0,553.0,CNN & 0.76 & 0.76 & 0.84 & 0.79 & 0.8 & 0.78 \\,
,CNN_20220818-1706,20220818-1725,cnn_tuning,SCAR_NLP,CNN,surv_mo_60,ppv4,rand,GoogleNews-vectors-negative300.txt,300.0,300.0,0.2,,,500.0,0.001,,,,,,,False,100.0,5e-05,5.0,loss_weight,0.8145323991775513,0.813935399055481,0.8910467624664307,0.833165168762207,0.8184700608253479,0.8483976721763611,0.8094007968902588,0.8483976992604766,0.7738271604938272,2065.0,1567.0,369.0,458.0,CNN & 0.81 & 0.81 & 0.89 & 0.83 & 0.85 & 0.82 \\,
,CNN_20220818-1725,20220818-1746,cnn_tuning,SCAR_NLP,CNN,surv_mo_60,ppv4,rand,GoogleNews-vectors-negative300.txt,300.0,300.0,0.2,,,500.0,0.0,,,,,,,False,100.0,5e-05,5.0,loss_weight,0.8302310109138489,0.8315933346748352,0.9069359302520752,0.8455416560173035,0.8212445378303528,0.8713204264640808,0.8419421315193176,0.8713204373423045,0.7832772705430082,2072.0,1630.0,306.0,451.0,CNN & 0.83 & 0.83 & 0.91 & 0.85 & 0.87 & 0.82 \\,
,CNN_20220818-1746,20220818-1755,cnn_tuning,SCAR_NLP,CNN,surv_mo_60,ppv4,rand,GoogleNews-vectors-negative300.txt,300.0,300.0,0.5,,,500.0,0.01,,,,,,,False,100.0,5e-05,5.0,loss_weight,0.7734917998313904,0.7669134140014648,0.8484288454055786,0.8031955361366272,0.8168846368789673,0.7899578213691711,0.7169421315193176,0.7899578382522039,0.7502702702702703,2061.0,1388.0,548.0,462.0,CNN & 0.77 & 0.77 & 0.85 & 0.8 & 0.79 & 0.82 \\,
,CNN_20220818-1755,20220818-1825,cnn_tuning,SCAR_NLP,CNN,surv_mo_60,ppv4,rand,GoogleNews-vectors-negative300.txt,300.0,300.0,0.5,,,500.0,0.001,,,,,,,False,100.0,5e-05,5.0,loss_weight,0.8199147582054138,0.8153868913650513,0.8916763663291931,0.8422706127166748,0.8497819900512695,0.8348909616470337,0.7809917330741882,0.8348909657320872,0.7995769434161819,2144.0,1512.0,424.0,379.0,CNN & 0.82 & 0.82 & 0.89 & 0.84 & 0.83 & 0.85 \\,
,CNN_20220818-1825,20220818-1846,cnn_tuning,SCAR_NLP,CNN,surv_mo_60,ppv4,rand,GoogleNews-vectors-negative300.txt,300.0,300.0,0.5,,,500.0,0.0,,,,,,,False,100.0,5e-05,5.0,loss_weight,0.8351648449897766,0.8349918127059937,0.9073672890663148,0.8516650199890137,0.8363059759140015,0.8675987124443054,0.8336777091026306,0.8675986842105263,0.796250616674889,2110.0,1614.0,322.0,413.0,CNN & 0.84 & 0.83 & 0.91 & 0.85 & 0.87 & 0.84 \\,
,CNN_20220818-1846,20220818-1856,cnn_tuning,SCAR_NLP,CNN,surv_mo_60,ppv4,rand,GoogleNews-vectors-negative300.txt,300.0,300.0,0.8,,,500.0,0.01,,,,,,,False,100.0,5e-05,5.0,loss_weight,0.759138822555542,0.7612603902816772,0.8444113731384277,0.7778237462043762,0.7451446652412415,0.8135006427764893,0.7773760557174683,0.8135006490696668,0.7006517690875232,1880.0,1505.0,431.0,643.0,CNN & 0.76 & 0.76 & 0.84 & 0.78 & 0.81 & 0.75 \\,
,CNN_20220818-1856,20220818-1923,cnn_tuning,SCAR_NLP,CNN,surv_mo_60,ppv4,rand,GoogleNews-vectors-negative300.txt,300.0,300.0,0.8,,,500.0,0.001,,,,,,,False,100.0,5e-05,5.0,loss_weight,0.8078044652938843,0.8046853542327881,0.8841841220855713,0.8298590779304504,0.8283789157867432,0.831344485282898,0.7809917330741882,0.8313444709626094,0.7773778920308483,2090.0,1512.0,424.0,433.0,CNN & 0.81 & 0.8 & 0.88 & 0.83 & 0.83 & 0.83 \\,
,CNN_20220818-1923,20220818-1955,cnn_tuning,SCAR_NLP,CNN,surv_mo_60,ppv4,rand,GoogleNews-vectors-negative300.txt,300.0,300.0,0.8,,,500.0,0.0,,,,,,,False,100.0,5e-05,5.0,loss_weight,0.8400986790657043,0.8374890089035034,0.9102497100830078,0.8585036396980286,0.8573127388954163,0.8596979379653931,0.8176652789115906,0.859697933227345,0.8147195059186825,2163.0,1583.0,353.0,360.0,CNN & 0.84 & 0.84 & 0.91 & 0.86 & 0.86 & 0.86 \\,
,LSTM_20220821-1952,20220821-2311,lstm_tuning,SCAR_NLP,LSTM,surv_mo_60,ppv4,rand,GoogleNews-vectors-negative300.txt,300.0,300.0,0.1,,,,0.0,1.0,512.0,True,0.1,,,False,100.0,5e-05,5.0,loss_weight,0.8264184594154358,0.820232629776001,0.8973699808120728,0.8497087359428406,0.8672215342521667,0.832889199256897,0.77324378490448,0.8328892272554245,0.8171397379912664,2188.0,1497.0,439.0,335.0,LSTM & 0.83 & 0.82 & 0.9 & 0.85 & 0.83 & 0.87 \\,
,LSTM_20220821-2313,20220822-0332,lstm_tuning,SCAR_NLP,LSTM,surv_mo_60,ppv4,rand,GoogleNews-vectors-negative300.txt,300.0,300.0,0.1,,,,0.0,1.0,512.0,True,0.2,,,False,100.0,5e-05,5.0,loss_weight,0.8252971768379211,0.8209242820739746,0.8993527889251709,0.8469247221946716,0.854141891002655,0.8398285508155823,0.7877066135406494,0.8398285268901013,0.8055995773903857,2155.0,1525.0,411.0,368.0,LSTM & 0.83 & 0.82 & 0.9 & 0.85 & 0.84 & 0.85 \\,
,LSTM_20220822-0332,20220822-0634,lstm_tuning,SCAR_NLP,LSTM,surv_mo_60,ppv4,rand,GoogleNews-vectors-negative300.txt,300.0,300.0,0.1,,,,0.0,1.0,512.0,True,0.3,,,False,100.0,5e-05,5.0,loss_weight,0.8232787847518921,0.8229261636734009,0.9011605978012084,0.8409366011619568,0.8256044387817383,0.8568490147590637,0.8202479481697083,0.8568490333196216,0.7830374753451677,2083.0,1588.0,348.0,440.0,LSTM & 0.82 & 0.82 & 0.9 & 0.84 & 0.86 & 0.83 \\,
,LSTM_20220822-0635,20220822-1121,lstm_tuning,SCAR_NLP,LSTM,surv_mo_60,ppv4,rand,GoogleNews-vectors-negative300.txt,300.0,300.0,0.1,,,,0.0,1.0,512.0,True,0.1,,,False,100.0,5e-05,5.0,loss_weight,0.8268669843673706,0.830723762512207,0.905430555343628,0.8397009968757629,0.801426887512207,0.8818142414093018,0.860020637512207,0.88181421718273,0.7686980609418282,2022.0,1665.0,271.0,501.0,LSTM & 0.83 & 0.83 & 0.91 & 0.84 & 0.88 & 0.8 \\,
,LSTM_20220822-1121,20220822-1534,lstm_tuning,SCAR_NLP,LSTM,surv_mo_60,ppv4,rand,GoogleNews-vectors-negative300.txt,300.0,300.0,0.1,,,,0.0,1.0,512.0,True,0.2,,,False,100.0,5e-05,5.0,loss_weight,0.8302310109138489,0.8243827819824219,0.903458535671234,0.8527523875236511,0.8688069581985474,0.8372803926467896,0.7799586653709412,0.8372803666921314,0.8202064095600218,2192.0,1510.0,426.0,331.0,LSTM & 0.83 & 0.82 & 0.9 & 0.85 & 0.84 & 0.87 \\,
,LSTM_20220822-1534,20220822-2033,lstm_tuning,SCAR_NLP,LSTM,surv_mo_60,ppv4,rand,GoogleNews-vectors-negative300.txt,300.0,300.0,0.1,,,,0.0,1.0,512.0,True,0.3,,,False,100.0,5e-05,5.0,loss_weight,0.8282126188278198,0.8259040713310242,0.9027847051620485,0.8474711775779724,0.8434403538703918,0.8515406250953674,0.8083677887916565,0.8515406162464986,0.798469387755102,2128.0,1565.0,371.0,395.0,LSTM & 0.83 & 0.83 & 0.9 & 0.85 & 0.85 & 0.84 \\,
,LSTM_20220822-2034,20220822-2359,lstm_tuning,SCAR_NLP,LSTM,surv_mo_60,ppv4,rand,GoogleNews-vectors-negative300.txt,300.0,300.0,0.1,,,,0.0,1.0,512.0,True,0.1,,,False,100.0,5e-05,5.0,loss_weight,0.8156537413597107,0.8198535442352295,0.899975597858429,0.8286786079406738,0.787950873374939,0.873846173286438,0.85175621509552,0.8738461538461538,0.75503663003663,1988.0,1649.0,287.0,535.0,LSTM & 0.82 & 0.82 & 0.9 & 0.83 & 0.87 & 0.79 \\,
,LSTM_20220823-0000,20220823-0509,lstm_tuning,SCAR_NLP,LSTM,surv_mo_60,ppv4,rand,GoogleNews-vectors-negative300.txt,300.0,300.0,0.1,,,,0.0,1.0,512.0,True,0.2,,,False,100.0,5e-05,5.0,loss_weight,0.82798832654953,0.8210190534591675,0.9002140760421753,0.8518446683883667,0.8739596009254456,0.8308213949203491,0.7680785059928894,0.8308214016578749,0.8238227146814404,2205.0,1487.0,449.0,318.0,LSTM & 0.83 & 0.82 & 0.9 & 0.85 & 0.83 & 0.87 \\,
,LSTM_20220823-0509,20220823-0941,lstm_tuning,SCAR_NLP,LSTM,surv_mo_60,ppv4,rand,GoogleNews-vectors-negative300.txt,300.0,300.0,0.1,,,,0.0,1.0,512.0,True,0.3,,,False,100.0,5e-05,5.0,loss_weight,0.82798832654953,0.8239633440971375,0.9043258428573608,0.848986029624939,0.8545382618904114,0.8435055017471313,0.7933884263038635,0.8435054773082942,0.8071466106148187,2156.0,1536.0,400.0,367.0,LSTM & 0.83 & 0.82 & 0.9 & 0.85 & 0.84 & 0.85 \\,
,LSTM_20220823-0941,20220823-1153,lstm_tuning,SCAR_NLP,LSTM,surv_mo_60,ppv4,rand,GoogleNews-vectors-negative300.txt,300.0,300.0,0.2,,,,0.0,1.0,512.0,True,0.1,,,False,100.0,5e-05,5.0,loss_weight,0.7856021523475647,0.7905938625335693,0.8786957263946533,0.7989062070846558,0.7526754140853882,0.8511878252029419,0.8285123705863953,0.8511878081577767,0.7199281867145422,1899.0,1604.0,332.0,624.0,LSTM & 0.79 & 0.79 & 0.88 & 0.8 & 0.85 & 0.75 \\,
